Country Name,Country Code,Series Name,Series Code,2000 [YR2000],2001 [YR2001],2002 [YR2002],2003 [YR2003],2004 [YR2004],2005 [YR2005],2006 [YR2006],2007 [YR2007],2008 [YR2008],2009 [YR2009],2010 [YR2010],2011 [YR2011],2012 [YR2012],2013 [YR2013],2014 [YR2014],2015 [YR2015],2016 [YR2016],2017 [YR2017],2018 [YR2018],2019 [YR2019],2020 [YR2020],2021 [YR2021],2022 [YR2022],2023 [YR2023]
Malaysia,MYS,Access to electricity (% of population),EG.ELC.ACCS.ZS,98.6,98.6,98.6,98.7,98.7,98.7,98.8,98.9,99,99.3,99.5,99.5,99.8,99.6,99.7,99.9,99.9,100,100,100,100,100,100,..
Malaysia,MYS,Individuals using the Internet (% of population),IT.NET.USER.ZS,21.3847,26.696,32.3382,34.9712,42.2523,48.6292,51.638,55.7,55.8,55.9,56.3,61,65.8,57.0575,63.6654,71.0641,78.7883,80.1405,81.201,84.1871,89.555,96.7514,97.3986,97.6927
Malaysia,MYS,"Age dependency ratio, old (% of working-age population)",SP.POP.DPND.OL,6.57371155451982,6.68991459435032,6.82600962666557,6.96058487423177,7.06882452491858,7.15402254857446,7.23206940000615,7.3124826603149,7.40373408030244,7.51331781472643,7.62294380991106,7.74211346434433,7.89638565613517,8.07867839096226,8.28770591325656,8.52305203881124,8.78156085070216,9.06542139497443,9.37825362301079,9.71124021087856,10.0582394397538,10.3893171766214,10.744811430094,11.1562318888272
Malaysia,MYS,"Inflation, consumer prices (annual %)",FP.CPI.TOTL.ZG,1.53474023697699,1.41678473206098,1.80787246281536,1.08967632577286,1.42127115937402,2.97507092684449,3.60923564224389,2.02735317779569,5.44078221100769,0.583308405623702,1.62285235577035,3.1744709215131,1.66357102479206,2.10501231233612,3.14299050879095,2.10438980238359,2.09056659525742,3.87120115774237,0.884709160571235,0.662891865764326,-1.1387021539305,2.47710241465447,3.37869862549928,2.48886560125754
Malaysia,MYS,"Official exchange rate (LCU per US$, period average)",PA.NUS.FCRF,3.8,3.8,3.8,3.8,3.8,3.78709166666667,3.66817695833333,3.43756938226247,3.33583333333333,3.52450291070644,3.22108691472175,3.06000301052058,3.08880086662188,3.15090855009725,3.27285974643047,3.90550026302768,4.14830066287879,4.30044087761124,4.03513013706806,4.14246973569731,4.20348194851884,4.14329759817721,4.40107634540072,4.56062343240898
Malaysia,MYS,Political Stability and Absence of Violence/Terrorism: Number of Sources,PV.NO.SRC,5,..,6,6,7,7,8,8,8,8,8,9,9,9,9,9,9,9,9,9,8,8,8,..
Malaysia,MYS,GDP growth (annual %),NY.GDP.MKTP.KD.ZG,8.85886816969386,0.517675319192861,5.39098830692797,5.7884992858875,6.78343772370305,5.33213916141486,5.5848470671515,6.29878592740947,4.83176988913097,-1.51352871598714,7.42484738326097,5.29391283414003,5.47345419253853,4.69372252557893,6.00672194558203,5.09153242155011,4.44978139761541,5.81272240983328,4.84308697634881,4.41318742129586,-5.45684658426701,3.29764100831838,8.65034422372288,3.68028218563347
Malaysia,MYS,Control of Corruption: Number of Sources,CC.NO.SRC,7,..,7,9,11,11,13,13,13,13,14,15,15,14,12,13,13,13,11,11,10,11,11,..
Malaysia,MYS,GDP per capita (constant 2015 US$),NY.GDP.PCAP.KD,6461.99127331693,6330.62825424567,6506.11792732392,6716.64325815606,7004.13774579999,7209.61711044747,7444.02673539705,7742.57802549995,7948.94761893736,7675.23810293464,8101.4071201944,8393.9629789131,8711.29585407121,8976.5456139839,9369.10215840487,9699.60046342736,9984.16368060234,10416.0416934375,10777.7665213518,11114.5605305734,10382.7274795282,10605.6769579889,11399.397137351,11691.3612742999
Malaysia,MYS,"Foreign direct investment, net inflows (% of GDP)",BX.KLT.DINV.WD.GD.ZS,4.03842862393764,0.59702931825208,3.16612432250471,2.92094209456765,3.50787262049413,2.73438734940078,4.72716484834358,4.68684578287436,3.28081949125174,0.056692316075743,4.26864663854031,5.07446032143377,2.8290573817453,3.49431175959971,3.14122940365348,3.27094402931735,4.47130958598651,2.93582038058561,2.31458721219734,2.50697705748044,1.20275464255821,5.41557013448805,3.69213247099394,1.98138978138276
Malaysia,MYS,"Population, total",SP.POP.TOTL,22945150,23542517,24142445,24739411,25333247,25923536,26509413,27092604,27664296,28217204,28717731,29184133,29660212,30134807,30606459,31068833,31526418,31975806,32399271,32804020,33199993,33573874,33938221,34308525
Malaysia,MYS,"Labor force participation rate, total (% of total population ages 15-64) (modeled ILO estimate)",SL.TLF.ACTI.ZS,63.626,63.609,63.533,63.436,63.326,63.227,63.151,63.115,62.606,62.953,62.974,64.332,65.532,67.233,67.627,67.943,67.918,68.153,68.712,69.355,69.253,69.775,69.401,..
Viet Nam,VNM,Access to electricity (% of population),EG.ELC.ACCS.ZS,88.2,88.9,89.1,90.3,91,96.1,96,93.1,93.8,96.1,97.4,99,97.9,98.5,99.2,99.3,99.2,100,100,99.4,99.8,100,100,..
Viet Nam,VNM,Individuals using the Internet (% of population),IT.NET.USER.ZS,0.254248,1.26565,1.855,3.78028,7.64241,12.7399,17.2546,20.7554,23.92,26.55,30.65,35.07,36.8,38.5,41,45,53,58.14,69.8479,68.6616,70.3,74.21,78.59,78.08
Viet Nam,VNM,"Age dependency ratio, old (% of working-age population)",SP.POP.DPND.OL,9.93180222397576,9.91030461193809,9.86816592425456,9.80986532432687,9.743216312096,9.67143941308559,9.59460841002946,9.51873494841711,9.45229994883995,9.39947720567259,9.36860895959064,9.3717866133202,9.41077674601097,9.50194196699094,9.74181507220812,10.0978305137312,10.4124162227612,10.7726443890824,11.2062663371353,11.6895205802077,12.2350109069119,12.7407790973679,13.3108072842899,13.9855352577647
Viet Nam,VNM,"Inflation, consumer prices (annual %)",FP.CPI.TOTL.ZG,-1.71033727851109,-0.43154451172818,3.83082838168467,3.23464817293927,7.75494748709601,8.28457243128677,7.41801715108463,8.34444889773837,23.1154483474477,6.71698269988629,9.20746648778413,18.6777322770707,9.09470339557192,6.59267475899192,4.08455446637617,0.631200905175754,2.66824816969082,3.52025688811617,3.53962805942641,2.7958236745225,3.22093436652514,1.83471554810444,3.15650749963129,3.25289282667662
Viet Nam,VNM,"Official exchange rate (LCU per US$, period average)",PA.NUS.FCRF,14167.75,14725.1666666667,15279.5,15509.5833333333,15746,15858.9166666667,15994.25,16105.125,16302.25,17065.0833333333,18612.9166666667,20509.75,20828,20933.4166666667,21148,21697.5675,21935.0008333333,22370.0866666667,22602.05,23050.2416666667,23208.3683333333,23159.7825925926,23271.2125,23787.3191666667
Viet Nam,VNM,Political Stability and Absence of Violence/Terrorism: Number of Sources,PV.NO.SRC,4,..,5,5,6,6,7,7,7,7,7,8,8,8,8,8,8,9,9,8,7,7,7,..
Viet Nam,VNM,GDP growth (annual %),NY.GDP.MKTP.KD.ZG,6.78731640463151,6.19289331233377,6.32082099160833,6.89906349055258,7.53641060890386,7.54724772895918,6.97795481056711,7.12950448605439,5.66177120891362,5.39789754014181,6.42324482239482,6.41316889681683,5.5045447041189,5.55351081026072,6.42224312118567,6.98715430598611,6.69000892660424,6.94019037359206,7.46500685572751,7.35926270105006,2.86541320912272,2.55372852648131,8.12351446767343,5.04643073618749
Viet Nam,VNM,Control of Corruption: Number of Sources,CC.NO.SRC,6,..,6,8,9,11,14,14,14,14,15,16,16,15,14,14,12,12,11,11,10,10,10,..
Viet Nam,VNM,GDP per capita (constant 2015 US$),NY.GDP.PCAP.KD,1183.85412844841,1244.30655169833,1309.43030711257,1385.4487694486,1474.74081032186,1570.19326934801,1663.55955699711,1765.12265142837,1846.86683234656,1926.62386911103,2028.6057131841,2135.78216482082,2229.32008570274,2327.93288310222,2451.15938864721,2595.23484372958,2741.05278752657,2903.02820194861,3090.77259500058,3288.35288950188,3352.06001102928,3408.76455391101,3658.69316280086,3817.19766783045
Viet Nam,VNM,"Foreign direct investment, net inflows (% of GDP)",BX.KLT.DINV.WD.GD.ZS,4.16392407955693,3.97733545270572,3.99268705133996,3.66601229989583,3.54408107288199,3.39040363930871,3.61600090432522,8.65471771434805,9.6630390545572,7.16881988884276,5.4347392933443,4.30487434902161,4.27832287681174,4.16454517277325,3.94086189051961,4.93190773329022,4.90089302916746,5.01148721749681,4.99828319622328,4.821074861051,4.55836196782424,4.27314566190187,4.3624059864868,4.30515928680139
Viet Nam,VNM,"Population, total",SP.POP.TOTL,79001142,79817777,80642308,81475825,82311227,83142095,83951800,84762269,85597241,86482923,87411012,88349117,89301326,90267739,91235504,92191398,93126529,94033048,94914330,95776716,96648685,97468029,98186856,98858950
Viet Nam,VNM,"Labor force participation rate, total (% of total population ages 15-64) (modeled ILO estimate)",SL.TLF.ACTI.ZS,76.854,77.654,77.087,76.52,75.864,76.899,77.909,78.894,79.665,80.425,80.71,80.784,80.747,81.592,81.74,81.866,81.419,81.361,81.324,81.357,79.399,77.96,78.399,..
Philippines,PHL,Access to electricity (% of population),EG.ELC.ACCS.ZS,74.7,75.7,76.7,76.6,87.6,79.8,80.2,82,83.3,84.3,85.5,87.2,87.1,87.5,89.8,89.1,92,93,94.2,95.3,96.4,97.5,94.8,..
Philippines,PHL,Individuals using the Internet (% of population),IT.NET.USER.ZS,1.98225,2.52401,4.33228,4.85767,5.24363,5.39764,5.74059,5.97,6.22,9,25,29,30.8,32.7,34.7,36.9,39.2,41.6,44.1,43.0266,53.7649,63.4019,75.2111,..
Philippines,PHL,"Age dependency ratio, old (% of working-age population)",SP.POP.DPND.OL,6.44670143760372,6.51229877096173,6.5756531879101,6.63850091847317,6.68533775163234,6.71676249560034,6.74376099206249,6.78056802943276,6.83447962256069,6.90395029430169,6.97840333159315,7.04002914706872,7.10246019056239,7.18944081249621,7.29664554197048,7.39340956372578,7.49084396725833,7.61896729214944,7.77794683798807,7.96890276762055,8.18054904075243,8.31731872502121,8.46490659999873,8.70515104720299
Philippines,PHL,"Inflation, consumer prices (annual %)",FP.CPI.TOTL.ZG,3.9771250324928,5.34550195567142,2.72277227722765,2.28915662650607,4.82921083627795,6.51685393258433,5.4852320675105,2.90000000000003,8.26044703595725,4.21903052064628,3.78983634797591,4.7184170471842,3.02696391124796,2.58268766141795,3.59782343864211,0.674192536845408,1.25369880080982,2.85318772590947,5.30934661627707,2.39206534422404,2.3931623931624,3.92718022100332,5.82115811213955,5.97802515541409
Philippines,PHL,"Official exchange rate (LCU per US$, period average)",PA.NUS.FCRF,44.19225,50.99265,51.6035666666667,54.2033333333333,56.0399166666667,55.0854916666667,51.3142725,46.148391177755,44.32328760941,47.6796884535091,45.1096641800896,43.3131369237488,42.2287947349434,42.4461848306739,44.3951543042097,45.5028399421431,47.4924638585099,50.4037197937177,52.6614299539683,51.7957826517333,49.6240960026328,49.2545977288412,54.477785837205,55.630363223193
Philippines,PHL,Political Stability and Absence of Violence/Terrorism: Number of Sources,PV.NO.SRC,5,..,6,6,7,7,8,8,8,8,8,9,9,9,9,9,9,9,9,8,7,7,7,..
Philippines,PHL,GDP growth (annual %),NY.GDP.MKTP.KD.ZG,4.38250483347254,3.04923150985866,3.71625500158383,5.08691113513073,6.56922851180626,4.94250511877678,5.31641682136939,6.51929155018938,4.34448730509183,1.44832306275669,7.33449996514402,3.85823282420755,6.89695170786769,6.75053130394745,6.34798748029741,6.34830971539886,7.14945675286656,6.93098832521765,6.34148557098946,6.11852566118505,-9.5182947406494,5.71473313426225,7.58098212785563,5.54585117087767
Philippines,PHL,Control of Corruption: Number of Sources,CC.NO.SRC,7,..,7,8,11,11,14,14,14,14,14,15,15,14,13,13,12,12,12,12,12,12,12,..
Philippines,PHL,GDP per capita (constant 2015 US$),NY.GDP.PCAP.KD,1831.69920764816,1848.01493812054,1877.56165295031,1933.6479796641,2020.12970025553,2079.33182909941,2149.00626733381,2246.68988734011,2300.85610511211,2291.62275958927,2415.78357525384,2464.68434755026,2589.13439733684,2717.67977655782,2843.84360391676,2974.29691673713,3130.91064086023,3289.47226809885,3439.10052334951,3589.61363648629,3195.53888262264,3328.04235516784,3528.33042834523,3667.56553714902
Philippines,PHL,"Foreign direct investment, net inflows (% of GDP)",BX.KLT.DINV.WD.GD.ZS,1.77722452873062,0.96298544393499,2.09827504516588,0.565263243432102,0.623144777963454,1.54906009249231,2.12091886479217,1.87121245887706,0.737800589215247,1.17324821246427,0.513698049517663,0.856963002969068,1.2276300069868,1.31642638381475,1.92937522797834,1.84018010715303,2.59850803497646,3.12238778408668,2.86833826073638,2.30117498594757,1.88586363211171,3.04078855310047,2.3475097233369,2.02768674552953
Philippines,PHL,"Population, total",SP.POP.TOTL,77958223,79626086,81285572,82942837,84607501,86261250,87901835,89561377,91252326,92946951,94636700,96337913,98032317,99700107,101325201,103031365,104875266,106738501,108568836,110380804,112190977,113880328,115559009,117337368
Philippines,PHL,"Labor force participation rate, total (% of total population ages 15-64) (modeled ILO estimate)",SL.TLF.ACTI.ZS,62.853,62.831,62.78,62.668,63.076,63.132,63.032,62.842,62.715,63.141,63.128,64.05,63.585,63.324,64.12,63.312,63.517,61.264,61.074,61.577,56.914,58.721,61.725,..
Lao PDR,LAO,Access to electricity (% of population),EG.ELC.ACCS.ZS,42.6,45.3,46.3,48,53.5,57.2,57,55,66,67.4,70.2,70,76.4,79.3,82.5,89.7,89,93.6,92.9,98.4,99.3,100,100,..
Lao PDR,LAO,Individuals using the Internet (% of population),IT.NET.USER.ZS,0.111044,0.181664,0.267899,0.333912,0.361434,0.850357,1.16989,1.64,3.55,6,7,9,10.7477,12.5,14.26,18.2,21.87,25.5104,36.3,47.0323,54,62,66.1548,..
Lao PDR,LAO,"Age dependency ratio, old (% of working-age population)",SP.POP.DPND.OL,6.58901882640328,6.6480417437044,6.69580961391032,6.72509694775759,6.73760121190204,6.68809473078161,6.59150483252325,6.51750183773779,6.47164432821545,6.45240737217816,6.45793813527937,6.48332232534846,6.52480973926205,6.57797470740342,6.64322952311656,6.61846732579398,6.52942945820439,6.49703135962514,6.5104354502897,6.56462495245126,6.64921377037764,6.74213570672982,6.8636958273999,7.02447022853864
Lao PDR,LAO,"Inflation, consumer prices (annual %)",FP.CPI.TOTL.ZG,25.0846414281315,7.81180794783471,10.6313446323333,15.4893529233525,10.4622667314208,7.16541759946639,6.54559439052787,4.66197269469701,7.62880887577516,0.141187674980385,5.98254521550082,7.5689885610998,4.2551267783209,6.37142717782947,4.12924306873771,1.27735427102992,1.59691227583204,0.825478607568026,2.04039266890201,3.32255881256925,5.10407262959919,3.75562036658877,22.9562225132056,31.2301341732646
Lao PDR,LAO,"Official exchange rate (LCU per US$, period average)",PA.NUS.FCRF,7887.64333333333,8954.58333333333,10056.3333333333,10569.0375,10585.375,10655.1666666667,10153.6240754273,9602.72881820273,8740.18140302543,8511.35116305693,8254.16302973342,8029.2625550619,8006.58203188053,7833.22998982965,8042.42157002354,8127.61059846586,8124.36675616228,8244.84318921019,8401.33476613966,8679.40909309671,9045.78783382479,9697.91578947368,14035.2266926512,17688.8735909054
Lao PDR,LAO,Political Stability and Absence of Violence/Terrorism: Number of Sources,PV.NO.SRC,2,..,2,2,3,3,4,4,4,5,5,5,5,6,6,6,6,6,6,5,4,4,4,..
Lao PDR,LAO,GDP growth (annual %),NY.GDP.MKTP.KD.ZG,5.79878232861959,5.75141287983195,5.91874368370564,6.06700230344272,6.35769548008234,7.10756836811267,8.61926620832807,7.59682880054878,7.82490276337012,7.50177491225853,8.52690551739717,8.03865268023725,8.02609843461283,8.02630022699017,7.61196343979319,7.27006584373785,7.02283625501138,6.8925308726989,6.24796000755872,5.4577350924848,0.503031829018681,2.52835100486102,2.70742652643155,3.74568140158232
Lao PDR,LAO,Control of Corruption: Number of Sources,CC.NO.SRC,2,..,2,3,5,7,8,8,9,10,10,10,10,11,10,9,9,9,9,9,8,8,8,..
Lao PDR,LAO,GDP per capita (constant 2015 US$),NY.GDP.PCAP.KD,917.288670872879,954.430327719172,995.341607477281,1040.33324188636,1091.30077746555,1151.93016708144,1231.5189507389,1304.29230759592,1384.68933917621,1466.08897901793,1567.57751259402,1669.06629214341,1777.4100825357,1893.32648776004,2009.82538567813,2125.4589005996,2240.41618173337,2358.37249045474,2467.95557992654,2564.01946515237,2539.12433769357,2566.27723361315,2599.2048876829,2659.71838486483
Lao PDR,LAO,"Foreign direct investment, net inflows (% of GDP)",BX.KLT.DINV.WD.GD.ZS,1.95760389973722,1.35157901983043,0.253176893420544,0.962969691363711,0.714895049062071,1.01332132437858,5.42138961728604,7.66062749777557,4.18200303606929,5.45905949594973,3.90935018167503,3.43702755895922,6.06067602678934,5.68624628337024,6.53385086120159,7.47075777292731,5.87774436155716,9.91778683507173,7.4856486219066,4.03149139231071,5.09807193491087,5.69344695957329,4.11025990512051,10.5292357677774
Lao PDR,LAO,"Population, total",SP.POP.TOTL,5430853,5519707,5606101,5689065,5768167,5852970,5946593,6041348,6135861,6229930,6323418,6416327,6508803,6600742,6691454,6787419,6891363,6997917,7105006,7212053,7319399,7425057,7529475,7633779
Lao PDR,LAO,"Labor force participation rate, total (% of total population ages 15-64) (modeled ILO estimate)",SL.TLF.ACTI.ZS,66.399,66.211,66.008,65.792,65.559,65.273,64.909,64.609,64.316,64.054,63.761,63.501,63.253,63.014,62.803,62.578,62.345,62.143,61.985,61.87,61.312,61.11,61.965,..
Thailand,THA,Access to electricity (% of population),EG.ELC.ACCS.ZS,82.1,90.4,91,91.6,92.2,92.8,99.1,94.1,94.8,99,99.7,99.3,99.1,99.4,99.5,99.6,99.9,99.9,99.8,99.9,100,100,99.9,..
Thailand,THA,Individuals using the Internet (% of population),IT.NET.USER.ZS,3.68904,5.55633,7.53125,9.29903,10.6773,15.026,17.1607,20.03,18.2,20.1,22.4,23.6699,26.46,28.94,34.8861,39.3161,47.505,52.8919,56.8175,66.6524,77.8437,85.2696,87.9772,89.5352
Thailand,THA,"Age dependency ratio, old (% of working-age population)",SP.POP.DPND.OL,8.73468421830015,9.07162159229154,9.40966909210445,9.76421538247405,10.1677513611819,10.6088663693024,11.009300283487,11.3331169789302,11.623652087164,11.9343002913438,12.3087692977448,12.7555882805664,13.2727442855759,13.8786976741512,14.5624961725684,15.3053577888484,16.0885856009609,16.912946177791,17.7959987952682,18.744376584333,19.7626187848827,20.8236239115417,21.9615906261706,23.1892236883791
Thailand,THA,"Inflation, consumer prices (annual %)",FP.CPI.TOTL.ZG,1.59196917460972,1.62690887314091,0.697308976625449,1.8043499463572,2.75914926231081,4.54036919634535,4.63747436011765,2.24154095286802,5.46848949649846,-0.845716092316721,3.24758842443723,3.80879058139634,3.01489950334994,2.18488618530678,1.8951418189878,-0.900424963291569,0.188149704448234,0.665631893135106,1.06389754183015,0.706728601314311,-0.845937147357041,1.23039541318384,6.07741228434321,1.22802623546169
Thailand,THA,"Official exchange rate (LCU per US$, period average)",PA.NUS.FCRF,40.1118033333333,44.4319,42.9600833333333,41.4846166666667,40.2224149175021,40.2201302083333,37.8819832215363,34.5181805917013,33.3133006412338,34.2857741234241,31.685705,30.4917333333333,31.0830916666667,30.7259666666667,32.4798333333333,34.2477166666667,35.2963833333333,33.9398110566858,32.3102257431458,31.0476057805499,31.2936732130832,31.9770934417717,35.0613502144776,34.8021885808364
Thailand,THA,Political Stability and Absence of Violence/Terrorism: Number of Sources,PV.NO.SRC,5,..,6,6,7,7,8,8,8,8,8,9,9,9,9,9,9,9,9,8,7,8,8,..
Thailand,THA,GDP growth (annual %),NY.GDP.MKTP.KD.ZG,4.45524704335014,3.44424900968372,6.14903605210036,7.18924330340971,6.28934214285795,4.18763842884337,4.96781089246107,5.43515169050809,1.72569884866334,-0.690618232300579,7.51339053261624,0.840132083053334,7.24279620249642,2.68749556320556,0.984468863619426,3.13404724911635,3.43515771692182,4.1776810321001,4.22287028746071,2.11455779628278,-6.05003846851622,1.56818176501186,2.46276934050356,1.88281746066315
Thailand,THA,Control of Corruption: Number of Sources,CC.NO.SRC,7,..,7,8,10,11,13,14,14,14,13,14,14,14,13,13,13,12,12,12,11,11,11,..
Thailand,THA,GDP per capita (constant 2015 US$),NY.GDP.PCAP.KD,3511.44036062865,3599.09587234252,3786.3381111472,4023.81319562131,4241.90197295429,4385.28080638768,4568.55641976608,4780.30338592987,4826.57716083638,4758.93355500518,5082.25359332442,5091.95801617114,5425.68517377961,5537.7423220456,5561.69761642482,5708.79409105798,5878.7539395442,6099.1980263524,6336.23967742373,6453.89408036298,6049.18761058698,6133.28601848203,6275.92658410955,6384.80718079699
Thailand,THA,"Foreign direct investment, net inflows (% of GDP)",BX.KLT.DINV.WD.GD.ZS,2.66312868727133,4.21223509530842,2.48815301889834,3.43593984811892,3.38947495269123,4.33958708070528,4.0212567065949,3.28356939351343,2.93824905393328,2.27590224065624,4.32320928209174,0.667087644548593,3.24456444314608,3.79126450872817,1.22145318013998,2.22468548959784,0.843364340718618,1.81550260101987,2.71279835138662,1.01451188952294,-0.988581644677358,2.99428727205672,2.26612015279478,0.599369881154605
Thailand,THA,"Population, total",SP.POP.TOTL,63066603,63649892,64222580,64776956,65311166,65821360,66319525,66826754,67328239,67813654,68270489,68712846,69157023,69578602,69960943,70294397,70607037,70898202,71127802,71307763,71475664,71601103,71697030,71801279
Thailand,THA,"Labor force participation rate, total (% of total population ages 15-64) (modeled ILO estimate)",SL.TLF.ACTI.ZS,76.618,77.304,77.339,77.378,77.982,78.478,77.847,78.671,78.608,78.051,77.065,79.101,78.94,76.422,76.232,75.913,75.189,74.695,75.347,74.89,75.136,75.331,76.455,..
Indonesia,IDN,Access to electricity (% of population),EG.ELC.ACCS.ZS,86.3,86.3,87.6,87.9,89,84.8,90.6,91.1,92.7,93.6,94.2,94.8,96,96.5,97,97.5,97.6,98.1,98.5,98.9,97,99.2,100,..
Indonesia,IDN,Individuals using the Internet (% of population),IT.NET.USER.ZS,0.925564,2.01861,2.13414,2.38702,2.60029,3.60202,4.76481,5.78627,7.91748,6.92,10.92,12.28,14.52,14.94,17.1432,22.0627,25.4474,32.3358,39.9046,47.6906,53.7265,62.1045,66.4846,69.2084
Indonesia,IDN,"Age dependency ratio, old (% of working-age population)",SP.POP.DPND.OL,7.78432437991096,7.92470187755503,8.07011366060089,8.21404139410157,8.34844525282555,8.47459284801228,8.59287356137757,8.70067122119763,8.79732981557476,8.88152816892282,8.9552482637579,9.02222503375106,9.07817380197182,9.12550603962892,9.17791672987977,9.24058108099685,9.32397318032705,9.4396056351879,9.59108880161727,9.77677189296847,9.92950355699441,10.0077394550727,10.0935145383325,10.3161788916069
Indonesia,IDN,"Inflation, consumer prices (annual %)",FP.CPI.TOTL.ZG,3.68861915958352,11.5001148791768,11.9001175663778,6.75731719362853,6.06405988526521,10.4531984193865,13.1086720985296,6.40656281325701,10.2266645473148,4.38641555014731,5.13420400767928,5.3560477898215,4.27949999641975,6.41251330156418,6.39492540819922,6.36312113115612,3.5258051568793,3.80879806953157,3.1983464156241,3.03058664969487,1.9209680056685,1.56012990525673,4.20946383402165,3.67013142377007
Indonesia,IDN,"Official exchange rate (LCU per US$, period average)",PA.NUS.FCRF,8421.775,10260.85,9311.19166666667,8577.13333333333,8938.85,9704.74166666667,9159.31666666667,9141,9698.9625,10389.9375,9090.43333333333,8770.43333333333,9386.62916666667,10461.24,11865.2112962963,13389.4129365079,13308.3268020542,13380.8338788891,14236.9387734818,14147.6713605454,14582.2034678177,14308.1439011897,14849.8539362105,15236.8846620506
Indonesia,IDN,Political Stability and Absence of Violence/Terrorism: Number of Sources,PV.NO.SRC,5,..,6,6,7,7,8,8,8,8,8,9,9,9,9,9,9,9,9,8,7,7,7,..
Indonesia,IDN,GDP growth (annual %),NY.GDP.MKTP.KD.ZG,4.92006774777576,3.64346644786215,4.49947538889633,4.78036912376109,5.03087394494024,5.69257130261316,5.50095178537065,6.34502222761846,6.01370359922831,4.62887118346032,6.2238541798264,6.16978420771008,6.03005065305615,5.5572636889101,5.006668425755,4.87632230022123,5.03306918280177,5.06978590134916,5.17429153955024,5.01928768046282,-2.06551182934165,3.70288562827751,5.30741934775764,5.04810577067288
Indonesia,IDN,Control of Corruption: Number of Sources,CC.NO.SRC,7,..,7,9,11,12,15,15,14,14,14,15,15,14,13,13,13,13,13,13,12,12,12,..
Indonesia,IDN,GDP per capita (constant 2015 US$),NY.GDP.PCAP.KD,1845.22780072703,1885.67975137695,1943.64492790634,2009.48978395399,2083.8825089787,2174.91522148966,2264.93573330974,2377.25499297081,2487.61129660703,2569.87421261278,2695.86817007214,2826.48044072348,2959.5144781668,3086.32311695224,3203.48428702077,3322.58167895444,3453.04943030511,3591.78002845926,3741.30526682049,3892.42166187369,3780.12163441585,3892.95599990599,4073.55834962073,4247.85315520073
Indonesia,IDN,"Foreign direct investment, net inflows (% of GDP)",BX.KLT.DINV.WD.GD.ZS,-2.75743993350903,-1.85568619300523,0.0741516383181159,-0.254256320381005,0.738243979887563,2.91611483313067,1.34794264068931,1.6030105718879,1.82632902404593,0.903919419647209,2.02517914569356,2.30298429381592,2.30978031853074,2.55135633401058,2.81997260412102,2.29761639380441,0.487372471368879,2.01948919812582,1.81428979349441,2.23336204282241,1.81058402027127,1.78785563145541,1.87267638098474,1.61073360160404
Indonesia,IDN,"Population, total",SP.POP.TOTL,214072421,217112437,220115092,223080121,225938595,228805144,231797427,234858289,237936543,240981299,244016173,247099697,250222695,253275918,256229761,259091970,261850182,264498852,267066843,269582878,271857970,273753191,275501339,277534122
Indonesia,IDN,"Labor force participation rate, total (% of total population ages 15-64) (modeled ILO estimate)",SL.TLF.ACTI.ZS,69.586,69.098,68.024,67.652,67.607,66.576,66.424,68.414,68.61,68.273,68.875,69.41,69.984,69.306,69.095,69.043,68.778,69.08,70.062,70.608,69.675,68.207,69.09,..
Cambodia,KHM,Access to electricity (% of population),EG.ELC.ACCS.ZS,16.6,9.5,13.1,19.3,14.2,20.5,27.5,20.2,26.4,25.6,31.1,37.4,42.3,50.9,56.1,62.7,68.8,89.1,80.7,84,86.4,82.5,92.3,..
Cambodia,KHM,Individuals using the Internet (% of population),IT.NET.USER.ZS,0.0470226,0.0769561,0.226983,0.26057,0.300437,0.317322,0.468357,0.49,0.51,0.53,1.26,3.1,4.94,6,14,6.43319,32.3985,32.9003,..,52.3059,53.6508,55.6004,56.7328,..
Cambodia,KHM,"Age dependency ratio, old (% of working-age population)",SP.POP.DPND.OL,5.39663190848487,5.38760240098603,5.38371771763691,5.38541080979584,5.40046627623918,5.4255899659188,5.45182835356031,5.48209335266683,5.52529046139406,5.59234747708085,5.67899942424162,5.7835083440622,5.91364291024702,6.06634861145308,6.25648233215906,6.48760349576362,6.74238676476675,7.02522747980319,7.3457448089541,7.70927025575582,8.0989824314812,8.48905549572863,8.89848138892494,9.36363521385311
Cambodia,KHM,"Inflation, consumer prices (annual %)",FP.CPI.TOTL.ZG,-0.791992529473567,-0.600648300123686,0.211466568022607,0.94174611779921,4.31933677434786,6.61525912001587,5.81068550464306,8.70882770568049,24.096851930605,-1.24171754189637,3.99639528107218,5.4784474961745,2.93431609293951,2.94162509547349,3.85568861424207,1.22393195511119,3.01913975139128,2.91263557371478,2.45908515380146,1.94257500833107,2.9402951426397,2.92073477592949,5.34370264895437,2.12746796594194
Cambodia,KHM,"Official exchange rate (LCU per US$, period average)",PA.NUS.FCRF,3840.75,3916.33333333333,3912.08333333333,3973.33333333333,4016.25,4092.5,4103.25,4056.16666666667,4054.16666666667,4139.33333333333,4184.91666666667,4058.5,4033,4027.25,4037.5,4067.75,4058.69457885305,4050.5799859191,4051.16690028162,4061.14896313364,4092.78321900878,4098.72279505889,4102.03786482335,4110.65274641577
Cambodia,KHM,Political Stability and Absence of Violence/Terrorism: Number of Sources,PV.NO.SRC,3,..,3,3,4,5,6,6,6,6,6,7,7,7,7,7,7,7,7,6,5,5,5,..
Cambodia,KHM,GDP growth (annual %),NY.GDP.MKTP.KD.ZG,9.99358032294613,8.14838609677599,6.57893949872768,8.50589556031385,10.3405287733229,13.2500869149454,10.7710836693663,10.2125739144392,6.69157747619946,0.0866969592693891,5.96307857286416,7.06956994629047,7.31334550565219,7.35666514861452,7.14257110024776,6.96579781650981,6.93331397162559,6.99690369958998,7.46916920803093,7.05410693152042,-3.09600673131888,3.0263893638939,5.2398102893046,5.39999999995442
Cambodia,KHM,Control of Corruption: Number of Sources,CC.NO.SRC,3,..,3,5,6,10,13,13,14,14,14,14,14,14,13,13,13,13,13,13,11,11,11,..
Cambodia,KHM,GDP per capita (constant 2015 US$),NY.GDP.PCAP.KD,488.002702303225,518.384291911326,542.654742969097,578.409355451304,627.008213372007,697.746758228193,759.643394958567,822.754086669665,863.386974770884,851.20302427767,888.912588294344,938.017677086302,992.134600385451,1049.99450648558,1109.37565271596,1170.74281578643,1235.32340394445,1304.54938902362,1384.96802283531,1465.96953537797,1404.19865499773,1429.93702682184,1488.81455084105,1552.82056848537
Cambodia,KHM,"Foreign direct investment, net inflows (% of GDP)",BX.KLT.DINV.WD.GD.ZS,3.23775422583051,3.67675642701502,3.05685091514382,1.75131657871555,2.4619770452865,6.0253839055628,6.64242250983254,10.0389495948312,7.87468099118756,8.92527251956251,12.4913810857897,11.9948438372039,14.1457254082956,13.5833460916418,11.0968948243669,10.0986635313548,12.3692213703588,12.5718496821633,13.0744980660067,13.5220209647967,14.0094821027703,12.9203431053741,12.1296458187977,12.4597056693495
Cambodia,KHM,"Population, total",SP.POP.TOTL,12118841,12338192,12561779,12787710,13016371,13246583,13477779,13714791,13943888,14155740,14363532,14573885,14786640,14999683,15210817,15417523,15624584,15830689,16025238,16207746,16396860,16589023,16767842,16944826
Cambodia,KHM,"Labor force participation rate, total (% of total population ages 15-64) (modeled ILO estimate)",SL.TLF.ACTI.ZS,79.592,78.869,78.132,77.382,76.626,75.862,75.086,74.296,73.498,72.696,71.887,71.071,70.25,71.575,72.881,74.169,75.429,76.663,77.871,79.055,78.451,79.259,79.45,..
Myanmar,MMR,Access to electricity (% of population),EG.ELC.ACCS.ZS,41.9,43,47,45.1,46.2,47.3,48.4,49.5,50.6,51.8,48.8,54.1,55.3,56.5,52,60.5,55.6,69.8,66.1,68.3,70.4,72.5,73.7,..
Myanmar,MMR,Individuals using the Internet (% of population),IT.NET.USER.ZS,..,0.000289277,0.000426494,0.0240641,0.0243374,0.0652389,0.182048,0.217128,0.22,0.22,0.25,0.98,1.4,1.8,7.4,10.9,16,23.6211,33.7204,48.1377,41.95429049,44.02167324,..,..
Myanmar,MMR,"Age dependency ratio, old (% of working-age population)",SP.POP.DPND.OL,7.80244193253619,7.80798422708216,7.81438251771269,7.81999425208183,7.81854957314398,7.80960963855671,7.79778006050831,7.78757573221673,7.76763402892026,7.75920837131528,7.77882401077645,7.81014513555531,7.85141584386624,7.90826283703925,8.03231877682665,8.22110064467036,8.42631258548175,8.6463971027215,8.89090484219789,9.15951442196766,9.43283029227558,9.67760302986328,9.94350863029008,10.2576240135551
Myanmar,MMR,"Inflation, consumer prices (annual %)",FP.CPI.TOTL.ZG,-0.109165514668565,21.101305376923,57.0745112621703,36.5897175323924,4.53421374129692,9.36861814196704,19.9964873359214,35.0245970717698,26.7995371934022,1.47234311385647,7.71838195873614,5.0214601462073,1.46758322674679,5.64303883425501,4.953299184844,9.45417189526018,6.92882525816076,4.5725365531752,6.87232865662935,8.82506696804558,..,..,..,..
Myanmar,MMR,"Official exchange rate (LCU per US$, period average)",PA.NUS.FCRF,6.516725,6.74890833333333,6.64208333333333,6.138925,5.80583333333333,5.81816666666667,5.84294166666667,5.61688333333333,5.44145,5.57636666666667,5.63488333333333,5.44410833333333,640.653416666667,933.570456356879,984.345747560046,1162.61532862554,1234.86951666667,1360.35870704085,1429.80797520107,1518.25511666667,1381.61916666667,..,..,..
Myanmar,MMR,Political Stability and Absence of Violence/Terrorism: Number of Sources,PV.NO.SRC,4,..,4,4,5,5,5,5,5,5,5,5,6,8,8,8,7,7,7,7,6,6,6,..
Myanmar,MMR,GDP growth (annual %),NY.GDP.MKTP.KD.ZG,13.7459305561226,11.3439970699605,12.0255134340315,13.8439968903798,13.5646616163416,13.5689500216456,13.0761013792372,11.9914352402146,10.2553053929808,10.5500090961932,9.6344394520444,5.59148237823661,7.33267044704149,8.42600102501767,8.16990745558277,6.99284029026121,5.86247291518572,6.13610824360305,6.26886221471075,6.57911006765414,-9.04834717984643,-12.0163724829177,4.0374934360085,1.00223834289773
Myanmar,MMR,Control of Corruption: Number of Sources,CC.NO.SRC,4,..,4,5,6,6,6,6,6,6,6,7,9,11,12,12,12,12,12,12,11,10,9,..
Myanmar,MMR,GDP per capita (constant 2015 US$),NY.GDP.PCAP.KD,296.967689814803,327.231680831126,362.912395341764,409.244137850736,460.690672412736,518.969582121269,582.391011962396,647.416708532607,709.653468748701,779.93880510496,848.586717610603,888.773838872996,945.896792699941,1016.88780960663,1090.83255547564,1157.78396112581,1216.01262766582,1280.85424337536,1351.38830035161,1430.13634322583,1291.40780889804,1128.30976104801,1165.60552269408,1168.68760910701
Myanmar,MMR,"Foreign direct investment, net inflows (% of GDP)",BX.KLT.DINV.WD.GD.ZS,2.86117768008645,3.21565753506977,2.22070502562137,2.3777576671811,2.0001628964787,1.95966396539679,1.90182128285749,3.5175166973129,2.71127181000311,2.92355415980151,1.81897202342465,4.20127651183029,2.22540068514517,3.74085607932619,3.31904421407388,6.85124098710894,5.17880132517466,7.27335555212816,2.60563229851106,2.31211211194364,2.41393222885654,3.11492561696787,1.98946076080719,2.34540038144399
Myanmar,MMR,"Population, total",SP.POP.TOTL,45538332,46014826,46480230,46924293,47338446,47724471,48088274,48445647,48729486,49015836,49390988,49794522,50218185,50648334,51072436,51483949,51892349,52288341,52666014,53040212,53423198,53798084,54179306,54577997
Myanmar,MMR,"Labor force participation rate, total (% of total population ages 15-64) (modeled ILO estimate)",SL.TLF.ACTI.ZS,76.291,75.66,74.995,74.235,73.498,72.77,72.081,71.461,70.938,70.42,69.976,69.746,69.444,69.106,68.826,68.624,67.402,66.156,66.56,64.747,64.366,59.188,59.277,..
Singapore,SGP,Access to electricity (% of population),EG.ELC.ACCS.ZS,100,100,100,100,100,100,100,100,100,100,100,100,100,100,100,100,100,100,100,100,100,100,100,..
Singapore,SGP,Individuals using the Internet (% of population),IT.NET.USER.ZS,36,41.6704,47,53.8379,62,61,59,69.9,69,69,71,71,72,80.9021,79.0292,79.013,84.4523,84.4523,88.1656,88.9493,92.0043,96.9247,95.9539,94.2863
Singapore,SGP,"Age dependency ratio, old (% of working-age population)",SP.POP.DPND.OL,8.46871617924849,8.7259672952029,9.00393748637506,9.19680943569141,9.27199129009683,9.26148126870167,9.20471131711473,9.1210807522725,9.03318042163416,8.99811244757084,9.16814518808673,9.57755454189914,10.0493132171485,10.4723399452518,10.8575595908544,11.3860264205501,12.2640950715184,13.4173853476408,14.7171631101804,16.1323974335038,17.6107823134458,19.1199468472576,20.6964052343933,22.3413565202734
Singapore,SGP,"Inflation, consumer prices (annual %)",FP.CPI.TOTL.ZG,1.36162392448454,0.997197956155961,-0.391676866585059,0.507905300237541,1.66272719863071,0.425106276569129,0.962901778165114,2.10488003633211,6.62778177352131,0.596720257424944,2.82366134885608,5.2477933984048,4.57560270376527,2.35860415399832,1.02514803039391,-0.522618167075298,-0.532268739716253,0.576260310166349,0.43862011844684,0.565260568780326,-0.181916666666634,2.30485959040484,6.12106004039418,4.82146729476466
Singapore,SGP,"Official exchange rate (LCU per US$, period average)",PA.NUS.FCRF,1.72396333333333,1.7917225,1.79058833333333,1.74218333333333,1.69022833333333,1.6643975,1.58893333333333,1.50710166666667,1.41486083333333,1.45451471343873,1.36350833333333,1.25777587719298,1.2496762037037,1.2513,1.26705,1.374825,1.38154636363636,1.380925,1.34884166666667,1.36415833333333,1.37974166666667,1.34348333333333,1.37866666666667,1.34276666666667
Singapore,SGP,Political Stability and Absence of Violence/Terrorism: Number of Sources,PV.NO.SRC,5,..,6,6,7,7,8,8,8,8,8,9,9,9,9,9,9,9,9,8,7,7,7,..
Singapore,SGP,GDP growth (annual %),NY.GDP.MKTP.KD.ZG,9.03831632555163,-1.07086275100448,3.92336076702013,4.54825542643229,9.93998268434957,7.36632239250758,9.00676607871758,9.02151951268893,1.86348345462035,0.127953382778088,14.5197497108994,6.21493416858989,4.43549759378537,4.81763099120676,3.93554027709007,2.97679931634806,3.58864369582668,4.51292631770927,3.51711418509255,1.34505874082728,-3.86979893430043,9.69076687082064,3.83807678519807,1.07503175095101
Singapore,SGP,Control of Corruption: Number of Sources,CC.NO.SRC,7,..,7,8,9,9,11,11,11,11,11,12,12,12,11,11,11,11,11,11,10,10,10,..
Singapore,SGP,GDP per capita (constant 2015 US$),NY.GDP.PCAP.KD,34890.0811365168,33597.8690808226,34598.8267483781,36709.7965038255,39856.6356222613,41798.4880834671,44159.4101820552,46178.8139470199,44601.5799302699,43331.8746638962,48752.0515441859,50713.5326393594,51679.352717333,53298.9728558286,54681.9336458253,55645.6068614606,56899.485124515,59414.6549459103,61216.1250918658,61333.6563161696,59144.3539186758,67638.6459886659,67948.8928271514,65422.4603166668
Singapore,SGP,"Foreign direct investment, net inflows (% of GDP)",BX.KLT.DINV.WD.GD.ZS,16.148890451527,18.9398606857353,6.65366588247058,17.4624153696896,21.2027237505542,15.1133588478776,26.3271523046736,26.1619888768056,7.02328608228291,12.0710944143276,23.0694716770803,17.5960314065855,18.7435244231802,20.9344810446532,21.8184880782679,22.6541826890492,20.4865236102582,29.7636517525701,21.7592915016982,28.0949935764636,23.1003005183608,31.6207400179128,29.8437975950876,34.9485153079274
Singapore,SGP,"Population, total",SP.POP.TOTL,4027887,4138012,4175950,4114826,4166664,4265762,4401365,4588599,4839396,4987573,5076732,5183688,5312437,5399162,5469724,5535002,5607283,5612253,5638676,5703569,5685807,5453566,5637022,5917648
Singapore,SGP,"Labor force participation rate, total (% of total population ages 15-64) (modeled ILO estimate)",SL.TLF.ACTI.ZS,70.7,70.911,70.273,70.446,70.512,71.229,72.02,71.411,72.52,72.569,73.4,73.57,74.332,74.289,75.181,76.313,76.317,76.44,76.311,77.13,77.314,78.635,79.262,..
Brunei Darussalam,BRN,Access to electricity (% of population),EG.ELC.ACCS.ZS,100,100,100,100,100,100,100,100,100,100,100,100,100,100,100,100,100,100,100,100,100,100,100,..
Brunei Darussalam,BRN,Individuals using the Internet (% of population),IT.NET.USER.ZS,8.99628,12.9178,15.3299,19.595,29.7156,36.4664,42.1863,44.68,46,49,53,56,60.2731,64.5,68.77,71.2,90,94.8667,95,95,95.0503,95.6225,98.9704,..
Brunei Darussalam,BRN,"Age dependency ratio, old (% of working-age population)",SP.POP.DPND.OL,4.47721367881469,4.51784289548125,4.56037076899422,4.60813978265502,4.6674532695771,4.73950067269812,4.8112892779337,4.86711936851539,4.89489040173562,4.89196007458594,4.87399285476724,4.92022955926305,5.05312355454916,5.2304720314801,5.44953919214413,5.70485011532136,6.00118971355358,6.33958067998888,6.71965479822149,7.14376392476975,7.60351032977829,8.08797102219278,8.59791971799518,9.14258411553459
Brunei Darussalam,BRN,"Inflation, consumer prices (annual %)",FP.CPI.TOTL.ZG,1.55815247634946,0.59589041095899,-2.31497242459321,0.299999999999967,0.814223994682613,1.24443711883965,0.159888078345121,0.967774119525101,2.08498023715415,1.03571774271613,0.356869132017561,0.13791156316954,0.111766261400307,0.389205053123632,-0.207108731719822,-0.488347420743522,-0.278693265753083,-1.2605056462896,1.02505179290212,-0.390522069165529,1.94031996607184,1.73341388450593,3.68225030604216,0.35706431153689
Brunei Darussalam,BRN,"Official exchange rate (LCU per US$, period average)",PA.NUS.FCRF,1.72396333333333,1.7917225,1.79058833333333,1.74218333333333,1.69022833333333,1.6643975,1.58893333333333,1.50710166666667,1.41716666666667,1.4545692733233,1.36350947368421,1.25791302014692,1.24956701649958,1.25116566976059,1.2670401230814,1.37491084459887,1.38134687688286,1.38089116405281,1.34891856542537,1.36421851405475,1.37970342971399,1.34380696297339,1.37895639652216,1.34307960114934
Brunei Darussalam,BRN,Political Stability and Absence of Violence/Terrorism: Number of Sources,PV.NO.SRC,3,..,3,3,3,3,3,3,5,6,6,6,6,6,5,5,7,7,7,6,5,5,5,..
Brunei Darussalam,BRN,GDP growth (annual %),NY.GDP.MKTP.KD.ZG,2.84942185782727,2.74404051765202,3.87209696704298,2.90395547653115,0.504318252687327,0.38750720823208,4.39771967752176,0.154581811742773,-1.93971463784671,-1.76453554132601,2.59896574643226,3.74531835205994,0.912841670964411,-2.12602851740175,-2.50835256644561,-0.392383749502031,-2.47791771833224,1.32860255161715,0.0522377907767719,3.86910986506845,1.1335733495246,-1.59076260099606,-1.62833154515108,1.40706822925519
Brunei Darussalam,BRN,Control of Corruption: Number of Sources,CC.NO.SRC,2,..,2,2,2,2,2,2,4,5,5,5,4,4,3,3,5,5,5,5,3,3,3,..
Brunei Darussalam,BRN,GDP per capita (constant 2015 US$),NY.GDP.PCAP.KD,33985.8154780123,34219.3105953449,34857.3931964509,35202.7890912753,34750.5736293603,34290.1107712521,35213.2184254304,34714.5402186574,33526.0026376697,32449.8303270739,32810.5036446723,33577.060427373,33456.2652923041,32341.8890079242,31155.7441054529,30681.4339698653,29601.0965040494,29695.8808249919,29437.8651779688,30313.4138627573,30401.843825384,29673.1658770638,28954.0640896097,29132.9468543775
Brunei Darussalam,BRN,"Foreign direct investment, net inflows (% of GDP)",BX.KLT.DINV.WD.GD.ZS,9.15816388011719,1.08363580052786,3.93047203509127,1.88826312971973,1.438045611737,1.83675167028945,0.765785258635404,2.10354744479814,1.54365209872544,3.03362632520526,3.50706005044382,3.73098771766086,4.54055753809902,4.28665974014753,3.35660795794307,1.32471234684473,-1.32056726982867,3.85818317072908,3.80485731593467,2.77118007919323,4.7105756528403,1.46181722244564,-1.75293370628154,-0.337068037671134
Brunei Darussalam,BRN,"Population, total",SP.POP.TOTL,333926,340748,347463,354045,360461,366717,372808,378748,384568,390311,396053,401506,406634,411702,416656,421437,425994,430276,434274,438048,441725,445373,449002,452524
Brunei Darussalam,BRN,"Labor force participation rate, total (% of total population ages 15-64) (modeled ILO estimate)",SL.TLF.ACTI.ZS,70.37,70.667,70.531,70.398,70.271,70.153,70.033,69.904,69.759,69.595,69.422,69.286,68.738,68.209,67.696,67.195,66.709,66.238,68.88,67.924,67.678,68.13,69.115,..
,,,,,,,,,,,,,,,,,,,,,,,,,,,
,,,,,,,,,,,,,,,,,,,,,,,,,,,
,,,,,,,,,,,,,,,,,,,,,,,,,,,
Data from database: World Development Indicators,,,,,,,,,,,,,,,,,,,,,,,,,,,
Last Updated: 10/24/2024,,,,,,,,,,,,,,,,,,,,,,,,,,,
